,Id,SalePrice
0,1,123253.29867485364
1,2,146736.3126149735
2,3,178912.68999589677
3,4,181647.2008549562
4,5,215910.48435063136
5,6,177968.95507036961
6,7,160721.05924877693
7,8,167494.5825023475
8,9,185385.49433029324
9,10,120945.77571552293
10,11,187533.34347081103
11,12,110733.69101679916
12,13,114986.9584445298
13,14,164013.0362690925
14,15,152994.05397203675
15,16,337136.8565460621
16,17,263694.4980852946
17,18,304856.80348161136
18,19,269848.9139533778
19,20,398246.7824105767
20,21,306236.87942820805
21,22,223283.90628400183
22,23,168059.9659153077
23,24,176940.559484785
24,25,169004.76819369738
25,26,196952.20674928412
26,27,303013.68695021135
27,28,258581.25635454603
28,29,197599.86267686475
29,30,182037.0620666673
30,31,199315.24669381574
31,32,114441.60126049859
32,33,181440.438008312
33,34,292115.4423047358
34,35,297773.58247681736
35,36,206049.9068405281
36,37,189742.30394251467
37,38,165098.2957811065
38,39,165098.2957811065
39,40,143059.75514895504
40,41,178178.2446941602
41,42,165824.8240701437
42,43,289012.2380201703
43,44,242041.49052845646
44,45,210075.4344834612
45,46,182026.67866790478
46,47,202837.6055405338
47,48,197001.88453905488
48,49,172468.70761576726
49,50,146855.69889466738
50,51,146304.1550017678
51,52,163968.86787174083
52,53,167473.58271585422
53,54,163271.9374972593
54,55,166687.65016519124
55,56,177803.5692896182
56,57,140317.87788949916
57,58,137530.2662589291
58,59,208883.0158802099
59,60,139059.48117950815
60,61,142350.56991051126
61,62,180665.5438807053
62,63,109420.63210397447
63,64,121972.7194702235
64,65,126032.05205968492
65,66,126642.91403177653
66,67,110139.72441047335
67,68,118035.18530794384
68,69,143639.88594233047
69,70,166818.97684792895
70,71,133753.67491313946
71,72,115015.2632501436
72,73,141586.75577754393
73,74,115435.3572569666
74,75,162185.3016775586
75,76,129888.43604276165
76,77,101042.05721223984
77,78,221966.02016198542
78,79,250537.92439915123
79,80,130494.05946125976
80,81,159958.29190217014
81,82,151706.69141720142
82,83,218506.09853908196
83,84,90862.70112827346
84,85,112568.45270580282
85,86,126023.8429064522
86,87,137061.5808760747
87,88,136648.59029520064
88,89,119518.71542738327
89,90,154131.54725242386
90,91,129059.63347608989
91,92,149046.0402431787
92,93,153039.09560648684
93,94,112413.54361274166
94,95,171581.34702015913
95,96,110088.53275172085
96,97,130784.74272189123
97,98,108573.20024583941
98,99,128549.71863550208
99,100,154507.05721326158
100,101,151860.42244285403
101,102,121482.67025652416
102,103,121364.16190626407
103,104,157449.92061728227
104,105,154106.15610346952
105,106,203694.9875223718
106,107,100976.0720629197
107,108,205109.71827121475
108,109,152806.8027569435
109,110,124908.95247312156
110,111,139144.89213142247
111,112,139601.0281410375
112,113,221718.15128486347
113,114,138333.9923284315
114,115,199718.84338499617
115,116,195186.1403381906
116,117,191130.95616919815
117,118,159602.39915963836
118,119,137162.61709842292
119,120,199937.09784832704
120,121,135684.80707332288
121,122,130601.87794232469
122,123,339998.30249581055
123,124,243129.54900555548
124,125,140847.83533348553
125,126,89356.69459373754
126,127,113652.78046668302
127,128,141437.94801026216
128,129,110026.72975965234
129,130,136129.0866571801
130,131,108316.03151192515
131,132,133532.42478420842
132,133,124317.3646910022
133,134,132744.94786209834
134,135,133540.1168718432
135,136,237078.64233299755
136,137,162265.04796452637
137,138,185639.7343752622
138,139,225594.19131201395
139,140,212369.92998528678
140,141,84782.72130303983
141,142,117485.9562588306
142,143,102874.40711947532
143,144,284008.3921494851
144,145,255311.65025765597
145,146,158909.54066283567
146,147,173531.1514072642
147,148,197738.5336445597
148,149,192631.6824297576
149,150,151028.00616131275
150,151,148263.60046872965
151,152,154264.80461120087
152,153,158267.27596621963
153,154,121687.15864822367
154,155,95789.39353520636
155,156,94313.09829810043
156,157,100960.7147465857
157,158,121790.09052243656
158,159,131708.23009009432
159,160,149253.3956673773
160,161,133943.93387601787
161,162,143754.73887680273
162,163,300024.1316509691
163,164,197150.27574915055
164,165,126287.62571636926
165,166,172772.81109384145
166,167,185628.10591674095
167,168,290731.83666939836
168,169,179360.5473300042
169,170,345596.46165772696
170,171,231277.66714749462
171,172,261241.25333662407
172,173,165403.70123208803
173,174,181993.90544445458
174,175,180072.59993572914
175,176,161317.17110629487
176,177,166818.66139621747
177,178,216561.31144843638
178,179,179889.54047773103
179,180,250092.44750021867
180,181,185984.5059095649
181,182,205136.89073622663
182,183,237393.36208518688
183,184,240246.11268363113
184,185,179104.01188213215
185,186,150740.4731045128
186,187,174986.9643249271
187,188,143110.39357201103
188,189,137443.35072007627
189,190,120736.10562187691
190,191,118028.49019948386
191,192,111414.96683571296
192,193,111612.51073068063
193,194,171769.03508908802
194,195,167001.40499354686
195,196,164485.60362578317
196,197,171988.51677701317
197,198,163172.51970896387
198,199,154178.91252176906
199,200,137035.34756197955
200,201,389012.5924356334
201,202,357282.72152403725
202,203,369447.84055570856
203,204,405807.09166658804
204,205,310689.81002987566
205,206,315181.058684883
206,207,319135.1888858151
207,208,329916.46136571845
208,209,298960.8240282387
209,210,333291.7475535597
210,211,234300.48658049296
211,212,421739.02843065874
212,213,297042.3594385303
213,214,258041.576687958
214,215,167018.94088264048
215,216,165813.32823894284
216,217,190344.03635840226
217,218,377976.9920040915
218,219,360932.1599314858
219,220,320885.22193551314
220,221,267674.9137691312
221,222,290159.5802734657
222,223,184831.37079841882
223,224,179070.95361443108
224,225,172286.29705062296
225,226,179923.68246464487
226,227,167414.47950083078
227,228,195498.50956274825
228,229,196629.14430822135
229,230,188494.8810981271
230,231,168261.37109093345
231,232,263726.3420330381
232,233,167414.47950083078
233,234,181360.70683405743
234,235,172047.81314309218
235,236,262426.99538594915
236,237,173066.53665735817
237,238,324866.7460492341
238,239,322019.9326269654
239,240,229357.5420578898
240,241,272760.7007569105
241,242,275687.2464808597
242,243,260159.11845125334
243,244,316798.5768533788
244,245,238890.32165924183
245,246,380955.19976277975
246,247,198128.8763651132
247,248,194948.00548440276
248,249,295708.4890007569
249,250,242458.70198788866
250,251,258600.86168324284
251,252,260558.66292969338
252,253,232603.9276703315
253,254,213802.63744140207
254,255,199309.00713061032
255,256,191353.4760612248
256,257,177090.16530692115
257,258,141590.63408551374
258,259,201669.42563905034
259,260,257320.69816907094
260,261,178948.47291998885
261,262,136953.45343084817
262,263,147819.50810729482
263,264,205307.58440236852
264,265,231162.04691936218
265,266,178563.72966950826
266,267,163374.69891591632
267,268,195412.4973560572
268,269,156924.2551012789
269,270,166761.06935523517
270,271,131834.80389555183
271,272,131540.72360603977
272,273,123059.66169055391
273,274,135070.07634235456
274,275,124145.47860585563
275,276,119143.43602465233
276,277,354692.8484045842
277,278,202274.04548317243
278,279,273383.6556716395
279,280,180509.53138952932
280,281,166853.58603069812
281,282,177989.56905334906
282,283,174787.5454008833
283,284,312546.6572848567
284,285,218765.4155804672
285,286,267850.3759040737
286,287,216394.65498529212
287,288,182727.2290311649
288,289,150486.647861374
289,290,144548.56314316762
290,291,231716.72948855237
291,292,122225.80007426243
292,293,150056.5430481739
293,294,227151.02141099528
294,295,158776.08649654113
295,296,122207.8663466938
296,297,120883.65719113714
297,298,145260.9827580442
298,299,170239.97909616187
299,300,149930.72011331486
300,301,149897.89928319375
301,302,165209.87798986153
302,303,174908.21854778283
303,304,119640.19430449166
304,305,183065.17955449718
305,306,172780.27474415317
306,307,200221.08591473982
307,308,136859.3955457434
308,309,173280.59024967017
309,310,130673.2346612516
310,311,137334.34180123833
311,312,137065.76215523126
312,313,138624.37920120975
313,314,136108.81633546852
314,315,132529.19426946723
315,316,122047.15061262608
316,317,112836.20875361607
317,318,130575.93373351307
318,319,118452.23450727633
319,320,188271.4437477916
320,321,132660.39745560457
321,322,97080.91849340666
322,323,122945.45890571948
323,324,101290.449648271
324,325,129309.8516049725
325,326,150179.350818028
326,327,178725.4400409445
327,328,77309.75177357675
328,329,119247.96287729968
329,330,92279.83659411973
330,331,172468.6088181472
331,332,147161.2406198843
332,333,140768.33130902937
333,334,138577.03722909497
334,335,137994.96007172088
335,336,123855.81468910919
336,337,129781.51190536456
337,338,131793.54244692417
338,339,111423.62903451509
339,340,121893.80319727543
340,341,127055.5138763655
341,342,167858.30021529162
342,343,166561.99948015413
343,344,136782.63347875208
344,345,133661.4891792091
345,346,116163.4793849267
346,347,162537.7574407694
347,348,122522.89070831324
348,349,130245.81161496045
349,350,154523.60536180405
350,351,126616.56921164687
351,352,125527.44842530088
352,353,117168.75975002484
353,354,106442.05671746595
354,355,86503.13045069597
355,356,110123.50717819981
356,357,138472.16018445633
357,358,149023.17083395785
358,359,112742.27192781182
359,360,89619.0151966649
360,361,136404.81367739654
361,362,165505.73755637053
362,363,83938.07738021282
363,364,140986.12922193093
364,365,140337.94797300705
365,366,110487.62412284249
366,367,115564.31088988676
367,368,142343.60329666463
368,369,130047.93271745318
369,370,164277.7100855059
370,371,181305.33230750632
371,372,127646.21843246737
372,373,154459.00095683377
373,374,135161.43826226308
374,375,186514.10730618253
375,376,148204.44875035656
376,377,100462.17873654702
377,378,129501.47524614951
378,379,90199.70540109208
379,380,147446.84481759087
380,381,143984.11181946422
381,382,110447.5235694328
382,383,139825.71458732386
383,384,138060.1202906195
384,385,145186.34804536757
385,386,149970.13274869818
386,387,148297.60877002912
387,388,82742.33801036622
388,389,125819.67713606855
389,390,134660.2174072101
390,391,154822.72907879946
391,392,132369.21801551786
392,393,135619.25411510174
393,394,172902.8665934928
394,395,146408.78292430204
395,396,208934.54930071608
396,397,162675.2592757298
397,398,142863.56333242805
398,399,141893.0418110817
399,400,150375.646614164
400,401,141893.0418110817
401,402,282942.7941038985
402,403,281651.6286467486
403,404,281651.6286467486
404,405,323441.1315730936
405,406,330757.34499324823
406,407,251789.66932567616
407,408,305674.80971540866
408,409,187364.03621872768
409,410,265068.0696376326
410,411,251912.87297409144
411,412,166930.30589340167
412,413,208373.6435712653
413,414,133475.85153117738
414,415,199311.72045746486
415,416,183814.52512019582
416,417,201882.12889869575
417,418,210955.90942977992
418,419,127568.52011734797
419,420,134292.70638440154
420,421,226428.30475087304
421,422,273093.0212238216
422,423,201098.0565588056
423,424,206673.6619954174
424,425,269938.30821815727
425,426,298182.320492653
426,427,194599.7033049921
427,428,301414.63263909006
428,429,157575.40807097295
429,430,134374.74729095807
430,431,141170.37318828958
431,432,109578.12795454271
432,433,135801.1164666142
433,434,133294.2064449599
434,435,153235.04272624283
435,436,116388.28790785414
436,437,116277.09299052793
437,438,108882.32123364588
438,439,130375.47778294346
439,440,146260.4727562906
440,441,170884.89173743344
441,442,133586.04097161544
442,443,223441.13551104625
443,444,135596.94039120193
444,445,174312.24475502037
445,446,159396.33946639881
446,447,197014.74948950182
447,448,134594.468130006
448,449,138225.98683317707
449,450,137060.69750252328
450,451,188686.60876251681
451,452,257010.47205884702
452,453,149860.04571445822
453,454,91773.5620761646
454,455,302012.196206371
455,456,94813.48180043606
456,457,267266.9944537388
457,458,128899.08963378823
458,459,150104.34786541577
459,460,156225.03158538052
460,461,376717.9359351001
461,462,324364.3138914536
462,463,188706.83184077844
463,464,205988.6337290493
464,465,214822.31554698813
465,466,367488.74675978057
466,467,134661.46652959625
467,468,158454.51710257624
468,469,120519.49342638007
469,470,130230.02230598476
470,471,136480.9323912721
471,472,132264.8425300938
472,473,165809.23588129337
473,474,184886.9451092736
474,475,171910.20548211288
475,476,185157.17781853038
476,477,180349.069934761
477,478,159302.643895808
478,479,243124.76601042642
479,480,215910.48435063136
480,481,178567.10080549878
481,482,187123.63652902617
482,483,212754.6269500811
483,484,294109.8212249522
484,485,356025.93776244007
485,486,167036.26740388345
486,487,308605.305582215
487,488,172728.74892843186
488,489,222485.42239917035
489,490,182058.9178049982
490,491,255573.74544794485
491,492,221715.72704105935
492,493,158527.99656037983
493,494,219028.8324710818
494,495,127110.91981995886
495,496,273772.85041737574
496,497,168962.30791158444
497,498,306187.7067956989
498,499,143838.41186358448
499,500,110496.57228765143
500,501,127986.88150582655
501,502,111736.21098358133
502,503,115501.81363617125
503,504,114870.05554256108
504,505,161220.55586660997
505,506,167018.19169533963
506,507,284125.06552048435
507,508,382326.7173246395
508,509,350830.0278889318
509,510,367403.81447630556
510,511,407931.3473825191
511,512,343924.9483189772
512,513,274282.8979451045
513,514,301101.770589068
514,515,436249.18218986044
515,516,279396.0096307713
516,517,324420.4519142988
517,518,324419.7051004831
518,519,346011.63084286766
519,520,187845.6315372154
520,521,333512.7576990776
521,522,239754.123532827
522,523,228554.45718152222
523,524,182509.17260443722
524,525,195124.6945552516
525,526,206138.88971739385
526,527,185391.04040520266
527,528,174864.47746206165
528,529,195669.80420724378
529,530,213149.70421082567
530,531,188046.52134979866
531,532,202354.61391831283
532,533,178359.90397387135
533,534,247499.07338219404
534,535,197253.6701625919
535,536,267737.51499976136
536,537,316811.32855819946
537,538,335817.4254655471
538,539,250800.49615576648
539,540,295874.6672613926
540,541,262545.1073540485
541,542,221126.57997123722
542,543,258654.2195093215
543,544,265700.13914587116
544,545,238319.58913603754
545,546,237165.65352275028
546,547,257827.8923964381
547,548,190502.16562241674
548,549,177753.02702062856
549,550,198940.63875269407
550,551,146829.818654588
551,552,186140.11013148696
552,553,180564.2452242349
553,554,181899.0693665791
554,555,197885.02489833414
555,556,183489.33149825365
556,557,199630.05352993187
557,558,128073.00682658349
558,559,124177.45194917812
559,560,123139.48267913576
560,561,118319.00955663103
561,562,182271.55977804458
562,563,155108.4511053722
563,564,198798.3573806881
564,565,350148.0071471365
565,566,184056.55232489124
566,567,141652.33405540453
567,568,168765.72912914012
568,569,177989.56905334906
569,570,277618.52582813223
570,571,267765.2727550042
571,572,275491.9598300177
572,573,279407.5624059724
573,574,167762.53845562524
574,575,201664.57183394383
575,576,220308.246790968
576,577,230021.23988213338
577,578,315408.49969610776
578,579,226966.3645168537
579,580,365109.6897719687
580,581,278541.82845104457
581,582,200599.77130707444
582,583,171669.97748102096
583,584,179168.92217525918
584,585,211064.85264947402
585,586,140354.0859118164
586,587,158126.00897948947
587,588,130550.40084042215
588,589,141072.31077191784
589,590,188089.3915337295
590,591,113092.83030855944
591,592,141004.12420567288
592,593,139043.15382344028
593,594,95114.61962991352
594,595,156966.2545770203
595,596,118629.64481275469
596,597,131143.44731475267
597,598,198431.17269223192
598,599,131121.7950625068
599,600,157696.9983552753
600,601,186854.24436742126
601,602,136722.3205592596
602,603,114744.62140682148
603,604,139586.6286738065
604,605,129301.93737366908
605,606,176201.54314407837
606,607,140955.14921547097
607,608,139292.7198369988
608,609,101082.29125877345
609,610,112359.71875706354
610,611,95505.02448553259
611,612,145819.17867821222
612,613,135948.72657393178
613,614,178818.70160968375
614,615,141167.66201431287
615,616,126004.80431477673
616,617,142672.0513684355
617,618,133313.44956930148
618,619,133042.21566472857
619,620,116298.94016308991
620,621,119952.91538476996
621,622,134017.03252796424
622,623,149886.68831756766
623,624,115885.7529000799
624,625,135494.386990405
625,626,129833.68210140459
626,627,122509.1257416735
627,628,114285.72763890986
628,629,103233.50088278645
629,630,135462.0797955875
630,631,130640.6871763547
631,632,144873.78972932624
632,633,144013.87357938502
633,634,152733.32760281104
634,635,153085.0641997761
635,636,108041.58143744836
636,637,106795.54884100171
637,638,155890.5863325554
638,639,87495.28339221081
639,640,129326.35469406265
640,641,139433.92299061822
641,642,154776.05615046184
642,643,113019.10281975807
643,644,136758.69669102767
644,645,135839.94612977025
645,646,100354.05233456565
646,647,249573.70878432726
647,648,126981.86992943952
648,649,115769.0805339359
649,650,131453.44880993274
650,651,173246.6917785012
651,652,143157.03249557072
652,653,113974.41476717776
653,654,110901.81169235398
654,655,157944.23810918725
655,656,124005.26060280073
656,657,156917.03592706594
657,658,115240.07401562162
658,659,117125.31560064212
659,660,111043.84977055353
660,661,106018.30910925406
661,662,104584.52103466088
662,663,106423.13775263143
663,664,196679.35367995326
664,665,145398.46964116936
665,666,168193.0927872586
666,667,157432.290095476
667,668,144336.7759617469
668,669,119658.66290603552
669,670,152525.45925886362
670,671,169372.65167357962
671,672,124609.40842269389
672,673,132018.2708706332
673,674,119313.13086207448
674,675,118285.00507759137
675,676,92501.33190542404
676,677,129921.56883728437
677,678,139369.5642030958
678,679,148857.12525157648
679,680,129497.13337321095
680,681,138346.93535911266
681,682,138038.47952079904
682,683,144563.0404306789
683,684,128636.34620715326
684,685,125819.31046653274
685,686,145963.22337191564
686,687,168043.1711410593
687,688,123784.7112330876
688,689,132054.358308315
689,690,214631.82890491505
690,691,144669.71890561705
691,692,178181.8222035494
692,693,158184.7387156302
693,694,119450.21417463024
694,695,120372.01525717476
695,696,207277.0649787761
696,697,220123.28246284754
697,698,232373.95289065875
698,699,217435.62756748692
699,700,173337.15338707864
700,701,256955.71953980398
701,702,437555.47968564084
702,703,335205.91484083026
703,704,258619.1793018296
704,705,178075.6818565575
705,706,139454.7272408555
706,707,199315.05399034082
707,708,195766.66236236185
708,709,197598.0545644259
709,710,205379.6667271099
710,711,140210.37097457904
711,712,146587.0799206862
712,713,159149.28882621598
713,714,247398.48506745847
714,715,310712.35068378947
715,716,314270.31594113336
716,717,253659.01531372775
717,718,243583.1984319784
718,719,140847.83533348553
719,720,185099.57814362476
720,721,195092.6809903317
721,722,220497.677092656
722,723,191042.48025890865
723,724,138959.46607730997
724,725,131400.38740566798
725,726,150390.6556213296
726,727,148642.31927161478
727,728,155430.409486683
728,729,170521.28039090254
729,730,101144.36373857701
730,731,102366.39462971562
731,732,96234.03854636397
732,733,108029.04985529967
733,734,109416.80088042477
734,735,110465.49169051048
735,736,108534.27843932739
736,737,108125.82605270448
737,738,166645.25615666795
738,739,163162.59721862248
739,740,121120.30340811292
740,741,131742.73619072192
741,742,215637.50059493192
742,743,166804.58184805588
743,744,154816.09770941545
744,745,114087.63458137022
745,746,134030.9978632036
746,747,236834.61064392014
747,748,223540.0198472022
748,749,189870.30845721363
749,750,135247.94535354228
750,751,115218.43453077048
751,752,112359.87413394154
752,753,110763.49971707456
753,754,149489.99655748202
754,755,111936.05739805031
755,756,145930.59668672204
756,757,99147.00064895386
757,758,98513.83728766468
758,759,94889.9190277323
759,760,95159.68490666198
760,761,305873.0372761908
761,762,220968.18430609486
762,763,246390.84434466818
763,764,211695.0293262176
764,765,143613.19166935483
765,766,178849.11134345373
766,767,195698.13071767107
767,768,280093.0640693873
768,769,247259.17385087762
769,770,150792.99930479575
770,771,207653.57615675163
771,772,180076.39314602126
772,773,162169.41979529132
773,774,252906.3405817597
774,775,188721.1635712192
775,776,283564.82701480086
776,777,325586.82648802194
777,778,195696.0908710958
778,779,136768.4327787568
779,780,159629.46037347213
780,781,145453.78051873195
781,782,141859.03898968513
782,783,142052.60198678134
783,784,101350.92184370349
784,785,100889.87333528706
785,786,142815.04406364603
786,787,108807.18377052901
787,788,122626.32310173962
788,789,123089.62579393685
789,790,134303.97413160495
790,791,136200.7667985457
791,792,183834.8712574313
792,793,149623.29753852938
793,794,176141.1718699947
794,795,186910.15301147665
795,796,191391.40441110294
796,797,183228.38482373336
797,798,183317.85724768657
798,799,176310.65272255774
799,800,151088.9762121735
800,801,205322.27089295513
801,802,226859.81734718726
802,803,311196.21349992265
803,804,426994.1909004915
804,805,171223.52927012264
805,806,290414.69474273006
806,807,352750.980090107
807,808,378018.80489188345
808,809,159823.3219230487
809,810,187169.43378849124
810,811,225703.7227314967
811,812,200123.91313727412
812,813,157738.33177048876
813,814,160685.41418708902
814,815,160095.16983693815
815,816,176024.67416491196
816,817,184651.2978471842
817,818,154321.0327377849
818,819,122205.5055882791
819,820,110082.90083494528
820,821,164908.71582014312
821,822,164864.2561455666
822,823,112651.33606703613
823,824,113311.81397145402
824,825,157830.6355569552
825,826,129956.70390006209
826,827,329933.7766788733
827,828,271220.5455864948
828,829,355981.46884651505
829,830,384066.57206436055
830,831,299312.2674411504
831,832,403418.0462907523
832,833,402463.9133319494
833,834,357590.8781214705
834,835,411331.6002855497
835,836,269503.7996344207
836,837,286960.6975363298
837,838,311435.0864334308
838,839,349811.77957469085
839,840,303005.22136613267
840,841,264743.6465295599
841,842,224816.5113738136
842,843,263058.362424157
843,844,251030.42236030355
844,845,165404.054385167
845,846,165404.054385167
846,847,167248.1291179346
847,848,237729.38254415494
848,849,281076.7586252918
849,850,226417.62554646714
850,851,187592.94730559102
851,852,178665.37916975506
852,853,175429.11566586536
853,854,182633.026474677
854,855,176068.26547918207
855,856,175410.6552578997
856,857,166451.51275833033
857,858,175558.0872584494
858,859,180053.21385640063
859,860,185107.14090839465
860,861,257291.30564750757
861,862,181781.169507181
862,863,172469.0746881563
863,864,169004.76819369738
864,865,212125.55388919628
865,866,169335.39733190284
866,867,201851.16589757073
867,868,214289.41648301706
868,869,181469.8431609616
869,870,179773.4535367069
870,871,329681.5645289673
871,872,368852.5059493844
872,873,303499.550246595
873,874,257519.97957892707
874,875,266597.7565764835
875,876,311010.76342089026
876,877,192356.1532744257
877,878,287761.52045840275
878,879,242510.8489572915
879,880,385650.41112343734
880,881,211794.78821329382
881,882,244879.5016717827
882,883,216908.1631925127
883,884,214528.46412949092
884,885,251471.59491496132
885,886,236593.61054896485
886,887,190822.608793761
887,888,243035.34134626284
888,889,154035.8710927414
889,890,265398.3862521934
890,891,246578.40486040257
891,892,260898.17937454738
892,893,191437.0939695314
893,894,136375.21144995085
894,895,164850.0776427024
895,896,146129.70028356864
896,897,198298.6679245565
897,898,186151.36628542823
898,899,121700.95143370531
899,900,123284.3748308277
900,901,141249.63375364884
901,902,259928.55247463495
902,903,141728.33015994277
903,904,147192.5677401725
904,905,234377.5312052965
905,906,214154.18249848072
906,907,228726.1683916577
907,908,185007.10701262509
908,909,235133.47660950208
909,910,177298.16573485697
910,911,175741.7293224176
911,912,188781.81849065635
912,913,271956.8365072782
913,914,287574.47976132715
914,915,241392.34006805753
915,916,271322.63701632986
916,917,347352.93786163576
917,918,140972.12215309072
918,919,191005.20213378954
919,920,144624.87032972727
920,921,155889.56271140766
921,922,200560.79270391873
922,923,210672.47336804704
923,924,232735.8920898568
924,925,149278.15984277782
925,926,137970.8154207207
926,927,128862.04046990111
927,928,118066.21853274379
928,929,130865.22994352935
929,930,134982.1624287762
930,931,136293.00945857345
931,932,120352.81507728553
932,933,171996.78169861966
933,934,146219.52077453732
934,935,183571.5973826791
935,936,144170.88033024332
936,937,201782.4431073087
937,938,125200.01992910779
938,939,79963.98420382812
939,940,77583.39381903129
940,941,114780.69171089087
941,942,135935.19787200366
942,943,141445.42581520614
943,944,134242.45600540235
944,945,155046.4899897599
945,946,124939.6073987241
946,947,130746.01215490347
947,948,139355.00340802583
948,949,137300.64998185512
949,950,177426.97836277506
950,951,121968.81405121418
951,952,149474.5505795888
952,953,138027.80168496957
953,954,126258.21601959744
954,955,137824.6716557545
955,956,130941.17731017293
956,957,131494.275511654
957,958,118979.80650091107
958,959,131109.83575381243
959,960,121634.35414133103
960,961,149906.81611071728
961,962,119320.17427513782
962,963,137325.70993863902
963,964,150350.74614983416
964,965,159508.9635431572
965,966,132157.76686692494
966,967,136744.67098068073
967,968,175434.612319166
968,969,119845.89262827997
969,970,124719.07848388543
970,971,121657.99888933422
971,972,134821.46969503595
972,973,138604.54059194546
973,974,141312.9533371416
974,975,147165.4555774571
975,976,115211.20049807375
976,977,117463.3960598183
977,978,122075.21501707629
978,979,123100.26661282973
979,980,130778.67754587563
980,981,122748.63245666541
981,982,115736.00348658372
982,983,120011.19808689742
983,984,124297.04126751935
984,985,98916.91381154857
985,986,141623.39632743606
986,987,234819.769716627
987,988,150795.51344812647
988,989,117119.44530559199
989,990,170185.52576320322
990,991,119341.51835958059
991,992,221131.5546634583
992,993,103601.2977979973
993,994,119819.0470024513
994,995,115613.01979504766
995,996,140956.99606190034
996,997,113269.84114266158
997,998,111418.07689334007
998,999,113025.18505867859
999,1000,143292.15385443924
1000,1001,112526.51095316438
1001,1002,131366.0765477745
1002,1003,117333.57595462288
1003,1004,172813.18583722005
1004,1005,130953.22432291812
1005,1006,119370.40023419599
1006,1007,157489.7660092111
1007,1008,108224.0004791506
1008,1009,111314.96378494997
1009,1010,181273.9139624764
1010,1011,194460.94858072003
1011,1012,182142.08434838586
1012,1013,117399.94055957711
1013,1014,120398.46030470887
1014,1015,227690.035056558
1015,1016,114203.3357244464
1016,1017,125239.86571412346
1017,1018,165503.20130962992
1018,1019,125283.19622829395
1019,1020,139183.9379574201
1020,1021,126489.53004581635
1021,1022,128455.56194445433
1022,1023,119396.54988931227
1023,1024,130357.83153203025
1024,1025,121953.6384491049
1025,1026,144873.57536392732
1026,1027,171467.13047063112
1027,1028,151399.60152492422
1028,1029,143848.60129400613
1029,1030,142767.4040604899
1030,1031,108226.60177016523
1031,1032,179762.75642825346
1032,1033,134633.96089860878
1033,1034,173906.98962031008
1034,1035,108240.71264079055
1035,1036,188464.84368665016
1036,1037,153720.92643924555
1037,1038,119356.17653138822
1038,1039,104981.30398425019
1039,1040,134608.3325361997
1040,1041,136856.74563077997
1041,1042,156306.11390058708
1042,1043,112443.1378339472
1043,1044,189642.34506954747
1044,1045,205075.16116735834
1045,1046,259246.92114467916
1046,1047,312734.3661871833
1047,1048,260429.0575366026
1048,1049,220279.50047520892
1049,1050,248595.54048029392
1050,1051,187412.64210881732
1051,1052,204710.05366253998
1052,1053,206003.3435132417
1053,1054,250555.22074332956
1054,1055,143095.00120998832
1055,1056,144257.02416446558
1056,1057,130913.51259242266
1057,1058,140752.43238454364
1058,1059,207226.37837663907
1059,1060,200371.45309137818
1060,1061,200272.72271621518
1061,1062,206586.63442732624
1062,1063,132357.5417419867
1063,1064,143342.28422083193
1064,1065,142329.6596898232
1065,1066,141330.2084967699
1066,1067,122837.93292649573
1067,1068,130334.23067383269
1068,1069,130943.58146187173
1069,1070,114217.30274837372
1070,1071,228867.51405678637
1071,1072,209743.85623800266
1072,1073,199130.7849993935
1073,1074,243793.74598840502
1074,1075,295333.89403645834
1075,1076,214113.44617998748
1076,1077,241625.20492030637
1077,1078,187129.10035228872
1078,1079,185682.02869973474
1079,1080,167163.63442167555
1080,1081,191546.51090170763
1081,1082,154178.16448609033
1082,1083,124782.51587831341
1083,1084,140080.18867398848
1084,1085,129209.49789624436
1085,1086,150893.4418066343
1086,1087,142422.9967862201
1087,1088,146954.00569278642
1088,1089,147896.5613750472
1089,1090,332671.4256190579
1090,1091,140703.2629948915
1091,1092,121987.5414985121
1092,1093,101706.73424233895
1093,1094,127264.7970277276
1094,1095,112682.977660956
1095,1096,101435.35878662037
1096,1097,116254.25348048146
1097,1098,151492.37405833838
1098,1099,140294.27121576588
1099,1100,118002.07272313056
1100,1101,144387.76723517748
1101,1102,134618.7388566939
1102,1103,138852.40079057388
1103,1104,172809.7566163049
1104,1105,124814.78962799527
1105,1106,143815.1352309547
1106,1107,124474.28234891432
1107,1108,188452.21971116945
1108,1109,190252.88503666152
1109,1110,135015.73933502377
1110,1111,160125.69078308702
1111,1112,209419.6465378996
1112,1113,217929.6947108778
1113,1114,303863.2099027504
1114,1115,127111.68739520665
1115,1116,135584.10670815746
1116,1117,156338.93080798906
1117,1118,108674.57973398776
1118,1119,92473.47551634646
1119,1120,135177.6042364007
1120,1121,138320.40670905312
1121,1122,116782.98494861805
1122,1123,281598.4882814658
1123,1124,153617.65493082223
1124,1125,163323.59000823396
1125,1126,196910.56525111466
1126,1127,204699.61962742227
1127,1128,156100.58953047407
1128,1129,142981.76387777142
1129,1130,208553.86129866997
1130,1131,188668.31376592844
1131,1132,213184.42146281854
1132,1133,249090.8122528811
1133,1134,179712.65470190172
1134,1135,219539.2189487543
1135,1136,344647.22117458365
1136,1137,178680.86939265538
1137,1138,260827.5522617663
1138,1139,321556.0448846799
1139,1140,154762.87246053375
1140,1141,139247.2244600307
1141,1142,99961.82973675251
1142,1143,100500.78757283179
1143,1144,96295.24159917943
1144,1145,103486.7383213841
1145,1146,138681.76535460714
1146,1147,160919.96274982975
1147,1148,194890.6023183142
1148,1149,157944.564611248
1149,1150,112715.63224929968
1150,1151,164534.3870219977
1151,1152,147690.90850264757
1152,1153,124188.9309932068
1153,1154,125569.44371348199
1154,1155,150616.19146111893
1155,1156,133690.10737146923
1156,1157,174900.13633184426
1157,1158,167952.93289483382
1158,1159,215240.7329060922
1159,1160,184301.60440764326
1160,1161,179953.73339259077
1161,1162,178388.34794794113
1162,1163,260982.63191515848
1163,1164,270503.0618030099
1164,1165,318594.8364059175
1165,1166,160579.6187449643
1166,1167,206485.6042262885
1167,1168,366934.3194441944
1168,1169,494031.16175273596
1169,1170,328365.04291105625
1170,1171,376806.4981831563
1171,1172,358568.72118043056
1172,1173,305626.08324980305
1173,1174,375098.4874952331
1174,1175,146725.4529077872
1175,1176,199690.17700228
1176,1177,172606.64908170665
1177,1178,245259.51108015687
1178,1179,180164.49054549652
1179,1180,150234.48631154257
1180,1181,117669.68951215078
1181,1182,179610.75983483813
1182,1183,131223.85068606128
1183,1184,129114.51731939305
1184,1185,112116.73815371696
1185,1186,111134.98364243565
1186,1187,112108.79335116403
1187,1188,149573.4612191258
1188,1189,137665.57624621052
1189,1190,157757.58052716148
1190,1191,162434.54753371983
1191,1192,372188.9191964159
1192,1193,262216.5568398085
1193,1194,228056.96811770237
1194,1195,368565.9747997739
1195,1196,318604.2033192644
1196,1197,318296.0835412505
1197,1198,274693.1803674976
1198,1199,287940.57480855973
1199,1200,306886.5471579168
1200,1201,329796.9239052825
1201,1202,330631.5556409755
1202,1203,281662.3087726961
1203,1204,272487.24616274075
1204,1205,308006.4452214672
1205,1206,278937.02564599493
1206,1207,166079.70550593568
1207,1208,193513.01369556773
1208,1209,167306.26649380047
1209,1210,287080.4693470143
1210,1211,193867.19924300708
1211,1212,182754.31453238093
1212,1213,198341.08131164635
1213,1214,196425.78302820263
1214,1215,173434.7999268179
1215,1216,196308.4313051868
1216,1217,189502.08521096685
1217,1218,253345.1083462201
1218,1219,273962.47358916956
1219,1220,285357.1922506905
1220,1221,368531.45378223696
1221,1222,309578.758906238
1222,1223,486398.63383460115
1223,1224,299472.53821944
1224,1225,317641.2386449965
1225,1226,259133.30323817302
1226,1227,302123.3432809449
1227,1228,241291.4078518539
1228,1229,234525.53603958528
1229,1230,375159.71458025347
1230,1231,177475.91584824675
1231,1232,138166.2191651987
1232,1233,193035.49563631348
1233,1234,138325.25441697682
1234,1235,196171.4661633947
1235,1236,194314.9743882434
1236,1237,178245.61252665112
1237,1238,187566.22496774554
1238,1239,169726.8351888759
1239,1240,162542.5187120988
1240,1241,143640.96218152327
1241,1242,130922.37918529674
1242,1243,163558.15928208941
1243,1244,137610.39398025794
1244,1245,129533.80250404941
1245,1246,119869.00420537031
1246,1247,130618.36793940527
1247,1248,134437.75419739305
1248,1249,119827.83420471445
1249,1250,122808.48349979449
1250,1251,274447.67251415685
1251,1252,335948.42753986036
1252,1253,176353.047215884
1253,1254,165707.22923948365
1254,1255,175936.98033102058
1255,1256,165824.8240701437
1256,1257,194763.740393071
1257,1258,240484.48427890724
1258,1259,147844.71632715216
1259,1260,175126.448782798
1260,1261,141816.1769879266
1261,1262,155975.21572058115
1262,1263,142161.07047273268
1263,1264,122433.29419832584
1264,1265,136218.0735533174
1265,1266,141283.53288204866
1266,1267,172310.3915989311
1267,1268,169516.53331551075
1268,1269,154342.98457863933
1269,1270,142562.93953275602
1270,1271,116212.96048868427
1271,1272,118008.47210102872
1272,1273,164799.3718269703
1273,1274,142372.89899194747
1274,1275,137285.8112914279
1275,1276,143169.75919532042
1276,1277,120224.03550073857
1277,1278,142127.66049379125
1278,1279,155970.19203473863
1279,1280,143505.03080797227
1280,1281,139911.62403703306
1281,1282,151602.5714673133
1282,1283,141464.66081005565
1283,1284,138521.20210932085
1284,1285,132412.9298882788
1285,1286,130741.11828366925
1286,1287,166261.74287119877
1287,1288,127148.740784288
1288,1289,127550.49394449155
1289,1290,134981.68553280103
1290,1291,121085.39796259353
1291,1292,235862.7725154844
1292,1293,149025.78412175708
1293,1294,191922.3923324166
1294,1295,127462.15327014825
1295,1296,94232.96789706923
1296,1297,97092.7844004792
1297,1298,91367.11507014227
1298,1299,169145.3396780225
1299,1300,148727.75868075286
1300,1301,139514.94944649533
1301,1302,141960.2178990438
1302,1303,187245.12743545245
1303,1304,179136.66496537466
1304,1305,258052.67033723355
1305,1306,141459.34851188606
1306,1307,104872.45661110982
1307,1308,132685.2649806067
1308,1309,129406.65379457438
1309,1310,167535.4825749843
1310,1311,121255.3716023502
1311,1312,130319.51811939367
1312,1313,145534.73608845766
1313,1314,140003.8536736087
1314,1315,146537.69185359846
1315,1316,154469.66913408163
1316,1317,162907.1513722337
1317,1318,141516.5109665087
1318,1319,134196.98248852993
1319,1320,126460.05092047219
1320,1321,111079.60498750363
1321,1322,100841.17138823593
1322,1323,99249.92567910819
1323,1324,128465.94699637625
1324,1325,143819.59542969897
1325,1326,82515.11889784722
1326,1327,118305.20263618322
1327,1328,90924.06376531116
1328,1329,234920.69431513778
1329,1330,108296.6986852561
1330,1331,129806.5036095164
1331,1332,103926.32925312182
1332,1333,155697.54835975554
1333,1334,96803.65409136059
1334,1335,111479.47804323545
1335,1336,111300.67645963217
1336,1337,188544.69448664968
1337,1338,132408.98088369385
1338,1339,117532.07433932059
1339,1340,106360.06049788976
1340,1341,121457.47045062613
1341,1342,139378.36964015808
1342,1343,166492.52880079244
1343,1344,156442.21963881038
1344,1345,110198.33141703146
1345,1346,108680.86414346239
1346,1347,164509.95448152345
1347,1348,145078.6482209315
1348,1349,124695.00652088562
1349,1350,137550.63204440783
1350,1351,156972.01299838652
1351,1352,143328.63834700317
1352,1353,145662.15758237345
1353,1354,152482.8594406088
1354,1355,115724.11756269146
1355,1356,222730.79237099283
1356,1357,137998.20178476823
1357,1358,127039.47269253754
1358,1359,182375.35161303516
1359,1360,130548.67071771929
1360,1361,112498.54950721194
1361,1362,178785.88111722266
1362,1363,206656.4442515513
1363,1364,163967.15312341898
1364,1365,153544.73946043703
1365,1366,133188.21629743377
1366,1367,152776.9389809436
1367,1368,191274.10454421025
1368,1369,166918.7842443476
1369,1370,216369.12267923413
1370,1371,187009.3447543464
1371,1372,200792.89227958635
1372,1373,278767.0962964155
1373,1374,205778.31515303583
1374,1375,214105.6590491314
1375,1376,199668.37721213992
1376,1377,161710.79387022296
1377,1378,144750.4022738994
1378,1379,178471.4777561534
1379,1380,195569.45249416676
1380,1381,201266.0522862807
1381,1382,203152.01338440494
1382,1383,136719.80072059983
1383,1384,153040.42050988413
1384,1385,121383.87648126217
1385,1386,202450.22857269514
1386,1387,186306.7069975077
1387,1388,237049.4346405115
1388,1389,206908.18693159978
1389,1390,289856.7124332281
1390,1391,230573.37899067177
1391,1392,216097.31865186017
1392,1393,216941.9013856732
1393,1394,140162.12887712027
1394,1395,190847.6935762553
1395,1396,201040.16560024186
1396,1397,197682.5843606358
1397,1398,190176.84351076253
1398,1399,136992.87590780808
1399,1400,126668.36744927207
1400,1401,135006.8344380587
1401,1402,198822.07871287968
1402,1403,121279.9545893698
1403,1404,256959.262971979
1404,1405,141170.37318828958
1405,1406,179263.22509652266
1406,1407,101236.68517718127
1407,1408,130798.42654520235
1408,1409,133364.26955965484
1409,1410,168834.19661624293
1410,1411,119565.08343261309
1411,1412,82288.98198666256
1412,1413,106482.84098065233
1413,1414,149766.31793855972
1414,1415,122113.20165118048
1415,1416,159514.45870015977
1416,1417,148707.91294826305
1417,1418,170776.76076420659
1418,1419,145165.3450010085
1419,1420,113960.57109218177
1420,1421,154878.60224130284
1421,1422,152148.05086682056
1422,1423,185119.58961655037
1423,1424,182915.20163111665
1424,1425,171100.9500565288
1425,1426,180431.0333337484
1426,1427,118901.20357006171
1427,1428,129158.87977995988
1428,1429,86612.31506608817
1429,1430,93784.12275095173
1430,1431,147811.9186695571
1431,1432,83828.60715939874
1432,1433,121263.99580950051
1433,1434,85731.85336078543
1434,1435,303528.2165810419
1435,1436,285482.76995187404
1436,1437,196995.32168121607
1437,1438,166113.50898810223
1438,1439,236050.76871985113
1439,1440,155904.77845636322
1440,1441,196532.41845017328
1441,1442,173266.6928817787
1442,1443,330176.89728036296
1443,1444,323427.6164875263
1444,1445,131905.20529425953
1445,1446,196497.6210473861
1446,1447,120866.63398308383
1447,1448,120706.51408159394
1448,1449,144126.54679312196
1449,1450,89988.61109028224
1450,1451,99961.82973675251
1451,1452,144911.29529905677
1452,1453,101060.8353987953
1453,1454,95319.9518577294
1454,1455,96063.0355806609
1455,1456,100739.59125092693
1456,1457,156402.43083437125
1457,1458,119454.53108708501
1458,1459,219483.35061987527
